Actual_Profit,Predicted_Profit,Error,Absolute_Error
1103.4602861980436,3642.113939414113,-2538.653653216069,2538.653653216069
15049.399939378556,1840.3154838306834,13209.084455547872,13209.084455547872
5410.153257428426,5914.075624281018,-503.92236685259195,503.92236685259195
0.0,7904.752628119872,-7904.752628119872,7904.752628119872
8541.672559023413,13296.721786476439,-4755.049227453026,4755.049227453026
0.0,10036.336646150896,-10036.336646150896,10036.336646150896
3469.0464797218438,4322.488847515147,-853.4423677933037,853.4423677933037
10338.43671122119,10910.502686202619,-572.0659749814295,572.0659749814295
5401.8402301835295,5562.059380971572,-160.2191507880425,160.2191507880425
6153.970882813214,4933.745668523246,1220.2252142899679,1220.2252142899679
998.8358544703206,2298.4217357585326,-1299.585881288212,1299.585881288212
2300.1597286187352,4226.770421385174,-1926.6106927664387,1926.6106927664387
2003.6964068317923,2762.3642951858583,-758.667888354066,758.667888354066
1751.1975865221978,7338.300998134835,-5587.1034116126375,5587.1034116126375
3883.5202497951886,2298.9707484062938,1584.549501388895,1584.549501388895
7230.19645903182,22033.055585932547,-14802.859126900727,14802.859126900727
8298.087901652587,7431.819809137252,866.2680925153345,866.2680925153345
17880.697434668302,11953.322045196137,5927.375389472165,5927.375389472165
2692.674609343934,4504.035378459253,-1811.3607691153184,1811.3607691153184
15434.663162754823,7627.806738174019,7806.856424580804,7806.856424580804
3841.7598596276043,5972.6379634373825,-2130.878103809778,2130.878103809778
5218.356958930704,4925.341150273028,293.01580865767664,293.01580865767664
816.2533596897935,2776.732656340944,-1960.4792966511504,1960.4792966511504
12642.856612011048,7695.144608392092,4947.712003618956,4947.712003618956
6063.211752574729,4901.71968955516,1161.4920630195693,1161.4920630195693
55782.06781288568,22648.715975553525,33133.35183733216,33133.35183733216
6705.291129074595,11305.009004944128,-4599.717875869533,4599.717875869533
2908.0352213056267,4526.900234233304,-1618.8650129276775,1618.8650129276775
1494.208367600311,1703.3299223204262,-209.12155472011523,209.12155472011523
12427.773664873179,5855.6592637183185,6572.11440115486,6572.11440115486
22723.85291018081,6717.348213992341,16006.50469618847,16006.50469618847
0.0,5562.6204361110995,-5562.6204361110995,5562.6204361110995
1772.4468972400787,7197.244742781995,-5424.797845541916,5424.797845541916
3817.7955919181204,5246.9217235579035,-1429.1261316397831,1429.1261316397831
4552.004082230776,4591.073453162374,-39.069370931598314,39.069370931598314
0.0,5780.82141688298,-5780.82141688298,5780.82141688298
6089.838245190216,2748.0684957215235,3341.7697494686927,3341.7697494686927
1553.6402406334553,1830.237031783002,-276.5967911495468,276.5967911495468
31457.67631499375,31223.61275835287,234.06355664088187,234.06355664088187
0.0,4498.781889006496,-4498.781889006496,4498.781889006496
0.0,3549.5137922665626,-3549.5137922665626,3549.5137922665626
0.0,9287.191714563518,-9287.191714563518,9287.191714563518
5835.207403387771,2678.388109831978,3156.8192935557927,3156.8192935557927
1595.2225678578288,5726.131654853642,-4130.909086995814,4130.909086995814
2772.8529849895112,3971.7327916416107,-1198.8798066520994,1198.8798066520994
2904.449937197897,13100.700276364649,-10196.250339166752,10196.250339166752
3780.86938615101,3029.913187141022,750.9561990099883,750.9561990099883
672.7160445103743,789.966651242736,-117.25060673236169,117.25060673236169
1106.0605787715506,4172.576248034282,-3066.5156692627315,3066.5156692627315
12004.989797775943,2326.525156904635,9678.464640871309,9678.464640871309
6810.245948646865,25645.81428729242,-18835.568338645557,18835.568338645557
17127.8517903819,5903.28016622686,11224.57162415504,11224.57162415504
3692.5170954750374,1341.3511607839494,2351.1659346910883,2351.1659346910883
0.0,4081.396712483287,-4081.396712483287,4081.396712483287
0.0,2053.6813246717834,-2053.6813246717834,2053.6813246717834
2607.1663026866086,3254.2094770360245,-647.043174349416,647.043174349416
4691.847801007874,2575.207976525143,2116.6398244827315,2116.6398244827315
10552.74983749631,11798.075866378265,-1245.3260288819547,1245.3260288819547
2086.2370147811835,5275.026402423733,-3188.7893876425496,3188.7893876425496
0.0,3094.984548809003,-3094.984548809003,3094.984548809003
8985.868746098546,7079.481583852172,1906.387162246374,1906.387162246374
9265.864596119092,3186.2608561997663,6079.6037399193265,6079.6037399193265
4598.774861142702,4958.288365562027,-359.5135044193248,359.5135044193248
12527.401300751213,14704.322770568146,-2176.9214698169326,2176.9214698169326
2083.186934768581,4003.2028761108413,-1920.0159413422602,1920.0159413422602
31829.803459009414,12966.682001813168,18863.12145719625,18863.12145719625
4069.6981887775737,7473.853413988656,-3404.1552252110823,3404.1552252110823
9439.082358354224,13358.094608759213,-3919.0122504049887,3919.0122504049887
12536.747099768687,6251.3366599156,6285.410439853087,6285.410439853087
4287.000594250403,4724.3035474274975,-437.3029531770944,437.3029531770944
6123.42534699593,8265.508302081837,-2142.082955085906,2142.082955085906
9662.269943699579,8047.991653138095,1614.278290561484,1614.278290561484
27802.230152131004,5493.174798334495,22309.05535379651,22309.05535379651
6184.257855857117,10987.49499517582,-4803.237139318704,4803.237139318704
1365.1829061548615,2743.2493488264395,-1378.066442671578,1378.066442671578
6973.467280664504,3248.5782695031644,3724.8890111613396,3724.8890111613396
4195.905670414522,8423.942371538473,-4228.0367011239505,4228.0367011239505
19902.540821229843,11403.070474366754,8499.470346863089,8499.470346863089
860.0204567362025,2978.949105809846,-2118.9286490736436,2118.9286490736436
4252.4026431562215,8645.533547226554,-4393.130904070333,4393.130904070333
14604.325652447487,12832.031859364646,1772.2937930828411,1772.2937930828411
2790.7432614736554,10478.42534686748,-7687.682085393824,7687.682085393824
0.0,3836.4664601322506,-3836.4664601322506,3836.4664601322506
8232.33967172272,7734.103571957851,498.2360997648693,498.2360997648693
0.0,3910.825529334659,-3910.825529334659,3910.825529334659
0.0,5695.699593120622,-5695.699593120622,5695.699593120622
1917.7599430152804,4847.60753558159,-2929.8475925663097,2929.8475925663097
2780.474818112889,6613.351117733501,-3832.8762996206124,3832.8762996206124
0.0,3457.8132492875225,-3457.8132492875225,3457.8132492875225
15211.635317699061,5858.251544864178,9353.383772834884,9353.383772834884
14522.828625001797,5735.708122200118,8787.12050280168,8787.12050280168
15323.5597776146,1695.4091499454487,13628.150627669153,13628.150627669153
9651.924787068541,5329.896108282968,4322.028678785573,4322.028678785573
3657.096359044688,3340.5988676679094,316.4974913767787,316.4974913767787
95912.52394256968,32449.492158408742,63463.031784160936,63463.031784160936
17934.71536896358,6452.60712096821,11482.108247995371,11482.108247995371
5466.685910589677,5650.479936616519,-183.7940260268415,183.7940260268415
23287.099784078215,6113.242058613874,17173.85772546434,17173.85772546434
3899.345736317396,5332.685117151199,-1433.3393808338028,1433.3393808338028
17725.650445757234,12684.42959029101,5041.220855466223,5041.220855466223
4660.065965509755,2033.3680517175162,2626.697913792239,2626.697913792239
22769.301308214322,11293.771100345331,11475.530207868991,11475.530207868991
9786.167318384403,5596.383212757953,4189.784105626451,4189.784105626451
0.0,8283.587641182685,-8283.587641182685,8283.587641182685
20952.414704520696,7761.470998556709,13190.943705963986,13190.943705963986
0.0,3323.6139833329903,-3323.6139833329903,3323.6139833329903
6931.537668340684,5272.6679426533465,1658.8697256873374,1658.8697256873374
9294.740961035192,2595.938232872598,6698.802728162594,6698.802728162594
0.0,2119.2182633659368,-2119.2182633659368,2119.2182633659368
7924.289993853535,5235.717506409943,2688.572487443592,2688.572487443592
6867.606735281656,5006.234222643568,1861.3725126380887,1861.3725126380887
1908.8775567066082,1773.5203636515757,135.35719305503244,135.35719305503244
3715.676929045733,11790.998758197582,-8075.32182915185,8075.32182915185
4125.788537930552,4428.578215410328,-302.7896774797764,302.7896774797764
0.0,4466.742584953737,-4466.742584953737,4466.742584953737
4242.911824790493,4087.449386894421,155.4624378960716,155.4624378960716
11871.063272460691,9060.49187406497,2810.571398395721,2810.571398395721
21977.80938837576,14469.272821447998,7508.5365669277635,7508.5365669277635
4613.7403734000545,5229.224657146628,-615.484283746573,615.484283746573
1272.5523490703472,17644.08534438377,-16371.532995313422,16371.532995313422
4212.397655678622,5758.39067087513,-1545.9930151965082,1545.9930151965082
4463.445848443505,7080.818145727701,-2617.372297284196,2617.372297284196
30085.795103028595,15977.844704966865,14107.95039806173,14107.95039806173
422.60834772884004,3546.951686072047,-3124.3433383432066,3124.3433383432066
1998.9944580454353,7471.255824826671,-5472.261366781237,5472.261366781237
41594.05007293359,13874.063376791642,27719.986696141947,27719.986696141947
11108.66342783592,6675.4448657440025,4433.218562091917,4433.218562091917
68717.12140591486,46402.65898951815,22314.46241639671,22314.46241639671
17974.53337090653,11169.971579429677,6804.561791476854,6804.561791476854
27430.291536920136,7723.464094398258,19706.827442521877,19706.827442521877
1812.2250997173462,1183.3261395557167,628.8989601616295,628.8989601616295
13859.5314527948,7843.754085165166,6015.777367629634,6015.777367629634
10212.145427476984,11823.65836814457,-1611.512940667586,1611.512940667586
18130.982903148342,14762.062032221711,3368.9208709266313,3368.9208709266313
0.0,2215.676314811448,-2215.676314811448,2215.676314811448
2148.7190305971208,4497.503202902546,-2348.7841723054253,2348.7841723054253
2054.0497512070488,4863.533782012117,-2809.484030805068,2809.484030805068
13467.438365589964,7615.251748415132,5852.186617174832,5852.186617174832
5551.055079551356,9901.913519984291,-4350.858440432935,4350.858440432935
2594.2700035629477,5132.303481677285,-2538.0334781143374,2538.0334781143374
14332.403751353511,6623.683220146369,7708.720531207142,7708.720531207142
2517.0842843591004,2659.443480043692,-142.35919568459167,142.35919568459167
13278.411129159063,4986.192406932314,8292.21872222675,8292.21872222675
0.0,4086.6954320619525,-4086.6954320619525,4086.6954320619525
16354.713674884288,10295.741897839393,6058.971777044895,6058.971777044895
0.0,5513.981210051915,-5513.981210051915,5513.981210051915
117016.23034291857,95789.45273658927,21226.7776063293,21226.7776063293
8211.830422474994,2767.873395723481,5443.957026751513,5443.957026751513
7740.590235926612,5351.697683709187,2388.892552217425,2388.892552217425
33241.20392857866,6400.182165550282,26841.021763028377,26841.021763028377
5606.917289427578,4691.0421795154025,915.8751099121755,915.8751099121755
4487.697631862011,10722.47124507974,-6234.773613217729,6234.773613217729
13165.245818815227,3882.0155149894827,9283.230303825745,9283.230303825745
6943.356157167687,4227.382477508822,2715.973679658865,2715.973679658865
4816.579746430465,8670.266074378109,-3853.686327947644,3853.686327947644
6120.083929188988,10477.372207456356,-4357.288278267368,4357.288278267368
7783.128501777677,3694.5725595372683,4088.555942240409,4088.555942240409
41211.88005217731,24928.824076795983,16283.055975381325,16283.055975381325
4027.8577686669505,6809.723783440021,-2781.8660147730707,2781.8660147730707
0.0,5722.070068047864,-5722.070068047864,5722.070068047864
7712.726663367053,3028.3461758585427,4684.380487508511,4684.380487508511
6846.462740665906,7259.662351666661,-413.1996110007558,413.1996110007558
4432.21228903735,3313.4507699076553,1118.761519129695,1118.761519129695
7106.956066127439,22061.369015816043,-14954.412949688603,14954.412949688603
8492.521246117836,7924.739000724701,567.7822453931349,567.7822453931349
3893.4812415827,9781.131023576205,-5887.649781993505,5887.649781993505
455.12762402666203,2362.6040320421425,-1907.4764080154805,1907.4764080154805
0.0,3165.9736905877576,-3165.9736905877576,3165.9736905877576
1995.4235174243483,1438.4962759596297,556.9272414647187,556.9272414647187
5329.472888865733,9185.156504367891,-3855.6836155021583,3855.6836155021583
2655.5749443680666,9383.183678586374,-6727.608734218307,6727.608734218307
18067.160532811624,10335.652964059014,7731.50756875261,7731.50756875261
46741.39797172439,20421.541261687362,26319.85671003703,26319.85671003703
4422.624059143628,2268.685722884952,2153.938336258676,2153.938336258676
0.0,6290.224930054356,-6290.224930054356,6290.224930054356
2509.0485886340525,6617.875724676043,-4108.827136041991,4108.827136041991
10144.971045170285,5840.940964811022,4304.030080359263,4304.030080359263
1840.8978045568983,9030.889828569429,-7189.99202401253,7189.99202401253
0.0,6626.697522394176,-6626.697522394176,6626.697522394176
386.0633786535935,3279.1718083111346,-2893.108429657541,2893.108429657541
2742.5711712090447,4534.733053920441,-1792.1618827113966,1792.1618827113966
7816.174404418569,6945.256095664103,870.9183087544661,870.9183087544661
2201.089092557034,2674.2378319463132,-473.1487393892794,473.1487393892794
14539.84688326389,17376.14211179565,-2836.2952285317588,2836.2952285317588
8645.59136656823,12033.795859848606,-3388.2044932803765,3388.2044932803765
3855.530278770687,9438.009936081531,-5582.479657310844,5582.479657310844
3292.7492492921197,9237.070081133068,-5944.320831840949,5944.320831840949
13993.562269056249,5342.554380305164,8651.007888751084,8651.007888751084
5761.451484269228,4131.408919551167,1630.042564718061,1630.042564718061
1269.3723912912687,7284.37908030492,-6015.006689013651,6015.006689013651
26295.003299171167,15777.85667765992,10517.146621511247,10517.146621511247
3774.926520192108,3410.358448430137,364.56807176197117,364.56807176197117
4101.377784236888,3090.868904069359,1010.5088801675292,1010.5088801675292
10538.050983010718,27520.605454059598,-16982.55447104888,16982.55447104888
1759.0369600519864,2881.503662925311,-1122.4667028733245,1122.4667028733245
0.0,3365.7438943008697,-3365.7438943008697,3365.7438943008697
892.4743287448019,14510.682583113266,-13618.208254368465,13618.208254368465
0.0,5195.126897452116,-5195.126897452116,5195.126897452116
18089.644162688863,7432.608772188192,10657.03539050067,10657.03539050067
3640.516473990704,5748.114347259119,-2107.5978732684152,2107.5978732684152
4163.42530553855,7065.87886922522,-2902.4535636866703,2902.4535636866703
9752.722566762714,18029.895437448675,-8277.172870685961,8277.172870685961
1072.496350742303,3359.6127805269903,-2287.116429784687,2287.116429784687
9386.591462837823,9227.886265900828,158.70519693699498,158.70519693699498
0.0,2781.4249640577937,-2781.4249640577937,2781.4249640577937
1361.9128330295516,3797.927850123706,-2436.0150170941542,2436.0150170941542
0.0,7975.553422753727,-7975.553422753727,7975.553422753727
6344.972605676795,4191.241363948898,2153.731241727897,2153.731241727897
7580.520229289437,5171.336431354196,2409.1837979352413,2409.1837979352413
1465.82652998829,1712.7660670899966,-246.9395371017065,246.9395371017065
2021.1619656702258,3646.5092552964957,-1625.34728962627,1625.34728962627
29145.39246533966,15906.457939928643,13238.934525411018,13238.934525411018
3626.9128074825603,10258.210377325364,-6631.297569842804,6631.297569842804
497.96550764668507,3219.6318470445417,-2721.6663393978565,2721.6663393978565
0.0,3805.9676659963225,-3805.9676659963225,3805.9676659963225
3629.1925114961314,5234.14088250185,-1604.9483710057184,1604.9483710057184
1595.7142063980841,3103.4863196362776,-1507.7721132381935,1507.7721132381935
3721.2811786930824,4208.395876004043,-487.11469731096076,487.11469731096076
3208.6877654600685,45562.63372137113,-42353.94595591106,42353.94595591106
7744.962073672106,3284.205151162965,4460.756922509141,4460.756922509141
2874.155796711612,3935.473259895472,-1061.3174631838601,1061.3174631838601
5298.118635738002,3070.6185684117454,2227.5000673262566,2227.5000673262566
28699.78423692556,15328.444335722115,13371.339901203444,13371.339901203444
1557.8321466599918,3683.902118506211,-2126.0699718462192,2126.0699718462192
5067.050201242373,2699.9338272922923,2367.1163739500807,2367.1163739500807
0.0,6112.36804126024,-6112.36804126024,6112.36804126024
0.0,7721.321677958558,-7721.321677958558,7721.321677958558
28822.607714602913,13808.757599617964,15013.850114984949,15013.850114984949
4270.53270677998,5803.7866406266885,-1533.2539338467086,1533.2539338467086
2763.1602808276734,3805.821651681508,-1042.6613708538343,1042.6613708538343
187.8779023601355,2000.362505706773,-1812.4846033466374,1812.4846033466374
5216.280282622644,7982.8122875689905,-2766.532004946346,2766.532004946346
8240.936280176746,5173.415738767475,3067.5205414092707,3067.5205414092707
4678.063816502388,4313.797125292971,364.26669120941733,364.26669120941733
0.0,6272.4320757021205,-6272.4320757021205,6272.4320757021205
1247.9674669655778,2643.838009784436,-1395.8705428188582,1395.8705428188582
3031.6594514993803,7676.770854075389,-4645.111402576009,4645.111402576009
0.0,3357.706372728411,-3357.706372728411,3357.706372728411
3204.3003744102193,6458.397557288016,-3254.097182877797,3254.097182877797
5721.651817613458,7635.254554011659,-1913.6027363982012,1913.6027363982012
3084.4620090472445,5702.699655831852,-2618.237646784608,2618.237646784608
2757.153300199122,7743.510863845948,-4986.357563646826,4986.357563646826
18112.64730533154,17682.425219616198,430.22208571534065,430.22208571534065
11193.489487331773,8513.17801668511,2680.311470646664,2680.311470646664
2976.871854430255,2995.16634841027,-18.294493980014977,18.294493980014977
0.0,4600.02131661984,-4600.02131661984,4600.02131661984
2404.0874628456745,7472.195608834932,-5068.1081459892575,5068.1081459892575
0.0,1522.5528747106573,-1522.5528747106573,1522.5528747106573
0.0,3895.5382655374387,-3895.5382655374387,3895.5382655374387
3058.09088629605,14630.367130842038,-11572.276244545988,11572.276244545988
2686.427714878254,4580.004328023689,-1893.5766131454347,1893.5766131454347
50145.39753779321,13967.746451329998,36177.65108646321,36177.65108646321
1224.5762897873376,6090.956741334984,-4866.380451547647,4866.380451547647
45404.23984620359,16422.36812275574,28981.871723447854,28981.871723447854
5728.370867935965,7854.431618102521,-2126.0607501665554,2126.0607501665554
0.0,5442.608980903852,-5442.608980903852,5442.608980903852
4422.10150571762,9767.403561323006,-5345.302055605386,5345.302055605386
9095.524928693501,3611.4270708654435,5484.097857828057,5484.097857828057
256.30347069308175,3778.8745645468975,-3522.571093853816,3522.571093853816
7689.079558835183,3248.659625892059,4440.419932943124,4440.419932943124
9558.563569800393,5510.601071341254,4047.962498459139,4047.962498459139
316.91287136418794,6306.651549239681,-5989.7386778754935,5989.7386778754935
3000.568757016752,7903.438496146619,-4902.869739129867,4902.869739129867
2283.265528545686,2923.4433392903943,-640.1778107447085,640.1778107447085
345.8040380211423,1296.9805269744784,-951.176488953336,951.176488953336
4027.2332347311594,4453.6495476681275,-426.4163129369681,426.4163129369681
3371.338772153715,4092.6459014024817,-721.3071292487666,721.3071292487666
31373.684567206998,17260.317966033846,14113.366601173151,14113.366601173151
4161.180645107641,2740.887208958639,1420.293436149002,1420.293436149002
56723.39003921335,27980.019822134997,28743.370217078354,28743.370217078354
6881.536953896276,3243.6450711790326,3637.8918827172433,3637.8918827172433
5664.254172823009,4548.6529892128365,1115.6011836101725,1115.6011836101725
17904.785923687374,7103.014717052994,10801.771206634381,10801.771206634381
0.0,2165.210241558579,-2165.210241558579,2165.210241558579
5140.892245687875,4009.9730007417725,1130.919244946103,1130.919244946103
0.0,3058.597476311136,-3058.597476311136,3058.597476311136
8597.573216469045,8032.390718569142,565.182497899903,565.182497899903
1994.5752510029706,3234.759044754837,-1240.1837937518662,1240.1837937518662
1035.108050598855,2606.508685408797,-1571.4006348099422,1571.4006348099422
28320.98113576861,15703.804295601929,12617.17684016668,12617.17684016668
17908.394138614116,12803.909262912175,5104.484875701941,5104.484875701941
5363.962592555037,5603.649515074502,-239.68692251946504,239.68692251946504
10550.82481751208,8526.021315940188,2024.8035015718924,2024.8035015718924
88.4008060829558,1859.9780615043799,-1771.577255421424,1771.577255421424
3284.5367455160813,5731.196198533574,-2446.6594530174925,2446.6594530174925
46709.87018116042,40231.797877407116,6478.072303753303,6478.072303753303
2098.142086711154,3517.2445657057065,-1419.1024789945523,1419.1024789945523
4931.820983116839,10939.73683291186,-6007.915849795021,6007.915849795021
1119.4894477651092,4839.773498756584,-3720.2840509914745,3720.2840509914745
261.4002344479669,3045.169920965747,-2783.7696865177804,2783.7696865177804
6554.912188049915,6240.229628739138,314.6825593107769,314.6825593107769
1348.9693540503083,6053.474788098576,-4704.5054340482675,4704.5054340482675
4789.474882817571,4745.122049532367,44.352833285203815,44.352833285203815
5877.345706563214,4129.724921673003,1747.6207848902104,1747.6207848902104
1711.2645333031612,4894.850246069162,-3183.585712766,3183.585712766
7410.834350497096,2614.6940396615555,4796.140310835541,4796.140310835541
2343.3162756431957,2280.7561123983523,62.56016324484335,62.56016324484335
2109.7788095307887,4675.190207073511,-2565.4113975427226,2565.4113975427226
3282.336535514255,5701.245684468009,-2418.909148953754,2418.909148953754
6999.550239683754,6516.299870916408,483.2503687673461,483.2503687673461
35512.09679213395,34686.64371665576,825.4530754781881,825.4530754781881
0.0,4237.119843115617,-4237.119843115617,4237.119843115617
1846.6989670940493,9346.576685200684,-7499.877718106634,7499.877718106634
7676.202825637933,6259.944651936689,1416.2581737012433,1416.2581737012433
397.6473477760242,4225.937721339937,-3828.2903735639125,3828.2903735639125
896.4310256540324,4930.194536237588,-4033.7635105835557,4033.7635105835557
11192.628617696106,20297.00181125228,-9104.373193556175,9104.373193556175
0.0,25698.961132157958,-25698.961132157958,25698.961132157958
2506.6134463905123,4990.631223963969,-2484.017777573457,2484.017777573457
16970.193503167582,10947.733529192867,6022.4599739747155,6022.4599739747155
7633.7348013850215,7441.3332057218795,192.40159566314196,192.40159566314196
0.0,2621.9732848971653,-2621.9732848971653,2621.9732848971653
2040.8558555197885,6924.951884259452,-4884.096028739663,4884.096028739663
6079.5113294857365,11011.38535889064,-4931.874029404904,4931.874029404904
4486.236388611841,8700.239473473055,-4214.003084861214,4214.003084861214
1494.4891718338845,5702.439801161498,-4207.950629327614,4207.950629327614
0.0,6407.2961032696685,-6407.2961032696685,6407.2961032696685
25311.573257914326,11533.480740512776,13778.09251740155,13778.09251740155
2488.4221545054234,15673.577415215312,-13185.15526070989,13185.15526070989
2551.179232530992,5413.15505725494,-2861.9758247239483,2861.9758247239483
1031.99215527564,2785.632998334156,-1753.640843058516,1753.640843058516
4232.238302891463,5946.611825302188,-1714.373522410725,1714.373522410725
0.0,4362.407531383446,-4362.407531383446,4362.407531383446
418.3756259983686,2354.033832921794,-1935.6582069234253,1935.6582069234253
7210.560263304456,3698.2402477957735,3512.320015508683,3512.320015508683
2552.4751748151502,4931.787050913694,-2379.3118760985435,2379.3118760985435
29134.849731224218,9544.634142271412,19590.215588952808,19590.215588952808
0.0,14930.112635202218,-14930.112635202218,14930.112635202218
0.0,8103.7632095767885,-8103.7632095767885,8103.7632095767885
2269.4905317087023,4181.89412580844,-1912.4035940997373,1912.4035940997373
16396.74160539282,4355.376303442312,12041.36530195051,12041.36530195051
4662.983799864509,1727.0841033958918,2935.899696468617,2935.899696468617
16998.503921666423,40702.02030377091,-23703.516382104484,23703.516382104484
0.0,5086.041142138115,-5086.041142138115,5086.041142138115
5251.253008553985,6876.584380437908,-1625.3313718839236,1625.3313718839236
2608.236081720905,2769.2409327821,-161.00485106119504,161.00485106119504
2657.8493546007057,9294.111658399997,-6636.262303799292,6636.262303799292
12835.313831343052,6289.813114703021,6545.500716640031,6545.500716640031
23018.590903889843,7878.5600285427445,15140.030875347098,15140.030875347098
7984.466427551168,5899.2603456507295,2085.206081900438,2085.206081900438
3823.7748005177036,6942.422550410739,-3118.6477498930353,3118.6477498930353
2708.2772992078476,4369.5911103663875,-1661.31381115854,1661.31381115854
2731.9346130483573,1565.607843696842,1166.3267693515152,1166.3267693515152
0.0,16418.380765502658,-16418.380765502658,16418.380765502658
6221.38659306051,6773.743726184049,-552.3571331235389,552.3571331235389
8233.131346093118,7964.955526036241,268.17582005687655,268.17582005687655
6854.599129171084,4496.959164843226,2357.6399643278583,2357.6399643278583
7277.862779107285,6661.455184111388,616.4075949958969,616.4075949958969
11048.903022987737,5156.560030346412,5892.3429926413255,5892.3429926413255
0.0,1311.3868367784398,-1311.3868367784398,1311.3868367784398
5729.286564150508,3847.53216526522,1881.7543988852876,1881.7543988852876
3346.1116915346356,3228.3269952615997,117.78469627303593,117.78469627303593
12673.249009839798,4364.773034214448,8308.47597562535,8308.47597562535
3605.848966736905,6280.984332509892,-2675.135365772987,2675.135365772987
7532.5125183235705,7590.530157875296,-58.01763955172555,58.01763955172555
1869.8053494260353,6096.128001941704,-4226.322652515668,4226.322652515668
9708.584612921666,3349.0045444704638,6359.580068451202,6359.580068451202
27861.79125552214,19738.223203410802,8123.568052111339,8123.568052111339
5865.463720436581,5388.676823365016,476.78689707156445,476.78689707156445
8155.750574763386,17203.37188193417,-9047.621307170784,9047.621307170784
11566.624238333607,4435.537078952549,7131.087159381058,7131.087159381058
0.0,7735.184129644271,-7735.184129644271,7735.184129644271
4338.57535899931,8961.331355122884,-4622.755996123574,4622.755996123574
13440.828817921572,9104.259939503854,4336.568878417718,4336.568878417718
4814.838620426892,5528.666702525899,-713.8280820990076,713.8280820990076
0.0,4504.8891195742,-4504.8891195742,4504.8891195742
5319.24419043227,3774.50610346356,1544.7380869687104,1544.7380869687104
6780.114572515512,5499.066869845067,1281.0477026704448,1281.0477026704448
7886.6019768639535,2289.035494074551,5597.5664827894025,5597.5664827894025
0.0,5226.950962331198,-5226.950962331198,5226.950962331198
12987.002307572644,14307.103293528024,-1320.1009859553797,1320.1009859553797
4773.070013007812,3313.115922976019,1459.954090031793,1459.954090031793
0.0,6297.705742828618,-6297.705742828618,6297.705742828618
9940.325687303688,5016.846116810039,4923.479570493649,4923.479570493649
2450.131826745348,5024.559682161453,-2574.4278554161046,2574.4278554161046
12051.853360861809,9162.027879044743,2889.8254818170662,2889.8254818170662
7243.587227838682,5510.31665168633,1733.270576152352,1733.270576152352
2238.261516956781,2968.592416933733,-730.330899976952,730.330899976952
2781.291166949654,1034.019863232823,1747.271303716831,1747.271303716831
21114.531416588317,6686.917108902848,14427.61430768547,14427.61430768547
0.0,6325.69550144696,-6325.69550144696,6325.69550144696
14045.169006059637,14907.765365100546,-862.5963590409083,862.5963590409083
1714.0268581809398,3276.9985526121654,-1562.9716944312256,1562.9716944312256
4450.032355988008,6635.174128888127,-2185.1417729001187,2185.1417729001187
912.5149880564734,2755.1410618806367,-1842.6260738241633,1842.6260738241633
3509.638524031331,6143.607898045626,-2633.9693740142948,2633.9693740142948
1046.690288209782,8614.019139613649,-7567.328851403867,7567.328851403867
0.0,2928.9684752454614,-2928.9684752454614,2928.9684752454614
1730.9426468766203,5151.9364263466805,-3420.99377947006,3420.99377947006
3222.041430457669,4994.997998518663,-1772.956568060994,1772.956568060994
2923.194864814178,14077.366909759769,-11154.17204494559,11154.17204494559
1185.029094734508,5562.28668786902,-4377.257593134513,4377.257593134513
0.0,16308.744562943351,-16308.744562943351,16308.744562943351
2751.1256079105597,5998.602897026014,-3247.4772891154544,3247.4772891154544
13030.218369955188,9924.916028722502,3105.3023412326856,3105.3023412326856
6420.888972899384,17042.213696388528,-10621.324723489144,10621.324723489144
4484.813125509042,5774.869433947669,-1290.0563084386267,1290.0563084386267
0.0,2641.203540781417,-2641.203540781417,2641.203540781417
6547.720278928903,6914.937602692651,-367.217323763748,367.217323763748
7452.266449737866,5402.686237331999,2049.5802124058673,2049.5802124058673
1637.9674763230196,8585.702260577016,-6947.734784253997,6947.734784253997
0.0,6857.001614636564,-6857.001614636564,6857.001614636564
3687.5181010153565,9415.090143402433,-5727.572042387076,5727.572042387076
2182.910801084768,4123.025096965419,-1940.1142958806508,1940.1142958806508
2417.5931429593084,5452.271664343999,-3034.6785213846906,3034.6785213846906
578.0071614223708,14502.62143145899,-13924.61427003662,13924.61427003662
5653.399433652068,3305.452786034584,2347.9466476174844,2347.9466476174844
6353.890961966956,7544.5913957957455,-1190.7004338287898,1190.7004338287898
5564.008653284759,7739.01620872329,-2175.007555438531,2175.007555438531
8898.535343954703,13052.275698169926,-4153.740354215222,4153.740354215222
3826.2006711777058,12188.289872903928,-8362.089201726223,8362.089201726223
1031.1926929033152,4595.716851152156,-3564.5241582488406,3564.5241582488406
1009.1374037674309,4319.875919284331,-3310.7385155169,3310.7385155169
3832.2464842753448,2136.6763825980843,1695.5701016772605,1695.5701016772605
0.0,4083.9931340552407,-4083.9931340552407,4083.9931340552407
30486.994465843734,18546.02804985476,11940.966415988973,11940.966415988973
4776.2523914433095,7159.022558310159,-2382.7701668668496,2382.7701668668496
24317.97070893865,9744.867157436645,14573.103551502005,14573.103551502005
9691.112250914122,3913.849043399325,5777.263207514798,5777.263207514798
21638.742552852775,14572.66310174142,7066.0794511113545,7066.0794511113545
19719.100323332947,6344.302814408531,13374.797508924416,13374.797508924416
2595.441640551796,1562.8012620830898,1032.640378468706,1032.640378468706
0.0,5432.758098408401,-5432.758098408401,5432.758098408401
1979.960580403829,5749.63773200786,-3769.6771516040308,3769.6771516040308
0.0,10501.27864734902,-10501.27864734902,10501.27864734902
14021.794316357895,4694.463636489474,9327.33067986842,9327.33067986842
6659.818816900575,6982.0286996817595,-322.2098827811842,322.2098827811842
0.0,2140.7633351804548,-2140.7633351804548,2140.7633351804548
1084.1942346350988,2232.6924357185308,-1148.498201083432,1148.498201083432
12698.824250997684,10661.75603818445,2037.068212813234,2037.068212813234
8430.871314632692,6453.63857830278,1977.2327363299119,1977.2327363299119
11455.382954465556,25023.52872335676,-13568.145768891205,13568.145768891205
5027.906897039557,4706.664428258706,321.2424687808516,321.2424687808516
3151.2444607957505,10274.14719528283,-7122.90273448708,7122.90273448708
2548.7188083302885,2191.9901318603966,356.728676469892,356.728676469892
0.0,10345.748546614555,-10345.748546614555,10345.748546614555
10030.40821406843,4913.870217173615,5116.537996894815,5116.537996894815
3587.211067866677,13014.572426934097,-9427.361359067421,9427.361359067421
1485.8280610839345,5413.431297975678,-3927.603236891743,3927.603236891743
439.88282379038117,5187.918345086388,-4748.035521296008,4748.035521296008
1989.804801660293,6210.455657607243,-4220.650855946949,4220.650855946949
2428.563184983173,4308.347121280351,-1879.7839362971777,1879.7839362971777
1280.2830004018847,2132.9998598229454,-852.7168594210607,852.7168594210607
2255.826662034659,7089.457115696635,-4833.6304536619755,4833.6304536619755
9307.262804043366,9131.081468427567,176.18133561579998,176.18133561579998
18074.21804178773,14314.109886737831,3760.1081550499002,3760.1081550499002
0.0,3166.734748630031,-3166.734748630031,3166.734748630031
1463.7528087622413,4023.786671206288,-2560.0338624440465,2560.0338624440465
2640.243690021339,4569.504507943469,-1929.2608179221306,1929.2608179221306
8124.3661166327765,22588.605227198885,-14464.239110566108,14464.239110566108
1457.264873197762,3525.799834670492,-2068.53496147273,2068.53496147273
6743.2332154496835,19251.27190676656,-12508.038691316877,12508.038691316877
469.62261973868016,5329.35552285323,-4859.732903114549,4859.732903114549
1073.659941356287,7369.193927683826,-6295.5339863275385,6295.5339863275385
8182.128189097381,9977.083374765309,-1794.9551856679273,1794.9551856679273
1014.6365147469446,4380.716034782683,-3366.0795200357384,3366.0795200357384
3142.08593391298,2182.1593003219773,959.9266335910029,959.9266335910029
23371.653306798802,15726.264529244154,7645.388777554648,7645.388777554648
12707.643672505357,5965.360080129191,6742.283592376166,6742.283592376166
12294.771226195244,7530.237743355408,4764.533482839835,4764.533482839835
2548.215909143512,4279.874963405542,-1731.6590542620302,1731.6590542620302
4468.8117666247,3652.5183686319638,816.2933979927361,816.2933979927361
0.0,2958.0889912480957,-2958.0889912480957,2958.0889912480957
3862.1134096706587,6424.299071457718,-2562.1856617870594,2562.1856617870594
3980.186203767103,6579.31138626403,-2599.125182496927,2599.125182496927
8944.172082180474,23609.059030048877,-14664.886947868403,14664.886947868403
160.43757252198873,1603.8840685000514,-1443.4464959780626,1443.4464959780626
2340.0309178773405,3005.6153864199805,-665.58446854264,665.58446854264
426.9830556424363,4855.067956514735,-4428.084900872298,4428.084900872298
837.3946183019107,21308.126163371242,-20470.73154506933,20470.73154506933
19696.859819482856,4958.339090491031,14738.520728991825,14738.520728991825
6109.117076626836,5726.04500147077,383.0720751560657,383.0720751560657
5298.100376445689,4907.114614186382,390.9857622593072,390.9857622593072
2367.5078996624916,4359.658888092514,-1992.1509884300222,1992.1509884300222
4347.928617792719,3596.3697476951834,751.5588700975354,751.5588700975354
1357.0867565964177,3788.481267746759,-2431.3945111503413,2431.3945111503413
9766.875545311428,2455.805151675961,7311.070393635468,7311.070393635468
2944.055868188585,4879.371997824698,-1935.3161296361131,1935.3161296361131
0.0,10879.023720700714,-10879.023720700714,10879.023720700714
0.0,8866.30222345954,-8866.30222345954,8866.30222345954
2725.493193127033,11790.453896474697,-9064.960703347664,9064.960703347664
5484.644002027233,6080.559593077763,-595.9155910505297,595.9155910505297
0.0,1232.3581794057966,-1232.3581794057966,1232.3581794057966
0.0,7885.527601484192,-7885.527601484192,7885.527601484192
50084.36863643486,17162.812682717104,32921.55595371776,32921.55595371776
1969.0114563425545,1863.2625621657676,105.74889417678696,105.74889417678696
22191.26584227662,6666.8222025029845,15524.443639773637,15524.443639773637
4367.630665770651,7120.515443052174,-2752.8847772815234,2752.8847772815234
0.0,3600.208711570297,-3600.208711570297,3600.208711570297
5145.354722204678,2505.8300342504294,2639.5246879542487,2639.5246879542487
791.8928873569023,5498.828952151406,-4706.936064794504,4706.936064794504
6629.256188108942,6549.524533665887,79.73165444305505,79.73165444305505
9322.236312448462,9945.003417523785,-622.7671050753233,622.7671050753233
0.0,8608.754056106685,-8608.754056106685,8608.754056106685
7728.609320389189,5001.43604530426,2727.1732750849287,2727.1732750849287
0.0,14834.49198775274,-14834.49198775274,14834.49198775274
13252.684643985329,6774.965347717996,6477.7192962673325,6477.7192962673325
10197.956983686468,8725.934345971624,1472.0226377148447,1472.0226377148447
28866.929828400374,15531.09697901682,13335.832849383554,13335.832849383554
3378.3864745931387,5534.959491535,-2156.573016941861,2156.573016941861
1137.535024750329,1489.4630310214807,-351.9280062711516,351.9280062711516
3316.063091258862,2001.1853974996457,1314.8776937592165,1314.8776937592165
4864.1828551603185,14151.00169400279,-9286.818838842471,9286.818838842471
2464.9626068376574,5126.401004726248,-2661.4383978885908,2661.4383978885908
666.497391433201,7377.474449305064,-6710.977057871863,6710.977057871863
12602.56828602501,6304.47150605297,6298.096779972041,6298.096779972041
9436.213926007076,4150.1748503972485,5286.039075609828,5286.039075609828
16288.571096143636,7349.603796449918,8938.967299693719,8938.967299693719
38141.69102448364,8516.8185803008,29624.872444182838,29624.872444182838
19657.574784843895,14942.165198736428,4715.4095861074675,4715.4095861074675
909.1972574415402,3769.3657415735056,-2860.1684841319657,2860.1684841319657
0.0,11350.094876661897,-11350.094876661897,11350.094876661897
6981.77852838485,3637.0023527517264,3344.7761756331233,3344.7761756331233
11405.356318348193,5223.287077486117,6182.069240862076,6182.069240862076
7795.852749294912,3724.4151387489596,4071.437610545953,4071.437610545953
5751.6097924197165,11544.81669248644,-5793.206900066723,5793.206900066723
3380.6306213961916,4598.939553038768,-1218.3089316425767,1218.3089316425767
3771.1697635412856,3855.445628118789,-84.2758645775034,84.2758645775034
0.0,4258.297605632,-4258.297605632,4258.297605632
3593.876683787421,4281.659493073181,-687.7828092857599,687.7828092857599
1054.3779296812,8588.074890344391,-7533.696960663191,7533.696960663191
566.0480711003606,3526.0257613094996,-2959.977690209139,2959.977690209139
2385.1672229205246,4249.90105539358,-1864.733832473055,1864.733832473055
6465.670777738421,3589.288301665418,2876.3824760730026,2876.3824760730026
3014.6892702779705,6144.063591409334,-3129.374321131363,3129.374321131363
0.0,6222.418658954904,-6222.418658954904,6222.418658954904
7386.821600309862,7144.836708471856,241.98489183800666,241.98489183800666
1303.4060433274867,13566.259665234751,-12262.853621907265,12262.853621907265
0.0,6154.358976810181,-6154.358976810181,6154.358976810181
0.0,5467.038631332325,-5467.038631332325,5467.038631332325
6162.811622877842,2738.7800932364166,3424.031529641425,3424.031529641425
13601.895246637418,9086.763371659808,4515.131874977609,4515.131874977609
20948.253343213022,10505.650282522345,10442.603060690677,10442.603060690677
3758.9940323040682,4218.805572526834,-459.81154022276587,459.81154022276587
7448.962001407413,3051.0585716729584,4397.903429734454,4397.903429734454
39189.44354570813,30460.052226529657,8729.39131917847,8729.39131917847
1129.0312344457116,1307.7061203860628,-178.67488594035126,178.67488594035126
4700.070700721825,4487.215615705539,212.85508501628647,212.85508501628647
36919.958879123886,14764.399447713658,22155.559431410227,22155.559431410227
0.0,6453.930060274389,-6453.930060274389,6453.930060274389
6736.735701780802,8352.80108584944,-1616.0653840686382,1616.0653840686382
2196.1447511784418,3787.7757915233005,-1591.6310403448588,1591.6310403448588
4219.368137629773,6340.096341547972,-2120.728203918199,2120.728203918199
2154.0708311190015,5322.542059853949,-3168.471228734947,3168.471228734947
3021.165995003471,4676.202596621285,-1655.036601617814,1655.036601617814
26413.609930990857,4928.20461438109,21485.405316609766,21485.405316609766
0.0,2637.231841644018,-2637.231841644018,2637.231841644018
22076.67047551695,5612.4566909594,16464.21378455755,16464.21378455755
0.0,3272.8737120449655,-3272.8737120449655,3272.8737120449655
2945.5601493868635,5248.9252699591,-2303.3651205722363,2303.3651205722363
5050.327404168255,2090.206815599142,2960.1205885691134,2960.1205885691134
4394.095445846423,9078.6793153199,-4684.583869473477,4684.583869473477
2639.737141283626,3739.0420844877426,-1099.3049432041166,1099.3049432041166
2438.2084233174214,2968.379239572576,-530.1708162551545,530.1708162551545
4811.90223148967,5028.304858102092,-216.40262661242195,216.40262661242195
0.0,3078.3947157876787,-3078.3947157876787,3078.3947157876787
60505.79540096365,13074.113142052624,47431.68225891103,47431.68225891103
9812.83621619306,4517.545931889152,5295.290284303908,5295.290284303908
724.4127272194878,6060.539153212979,-5336.126425993491,5336.126425993491
0.0,3723.613728842283,-3723.613728842283,3723.613728842283
2229.5330249014005,4469.955425510718,-2240.4224006093173,2240.4224006093173
1132.4520665836592,7069.62456692829,-5937.172500344631,5937.172500344631
0.0,5361.148971431709,-5361.148971431709,5361.148971431709
595.3134371608239,5156.687446076815,-4561.374008915991,4561.374008915991
2705.598876535603,7375.841098407068,-4670.2422218714655,4670.2422218714655
6319.767463803368,3830.8475476697313,2488.9199161336364,2488.9199161336364
1373.6073268675734,4857.908627873882,-3484.3013010063087,3484.3013010063087
2662.259154952552,7317.330267491329,-4655.071112538777,4655.071112538777
11967.8766295094,6905.5554805858255,5062.321148923574,5062.321148923574
16894.625514775453,8444.25742548504,8450.368089290412,8450.368089290412
20422.7185897744,7312.240953792926,13110.477635981471,13110.477635981471
4393.4510948406,3206.151427232897,1187.2996676077028,1187.2996676077028
0.0,6082.603781870201,-6082.603781870201,6082.603781870201
15454.386859825052,10523.634891255357,4930.751968569695,4930.751968569695
0.0,20553.592971201473,-20553.592971201473,20553.592971201473
1321.6597716490023,4524.278647072225,-3202.6188754232226,3202.6188754232226
0.0,10079.934925292391,-10079.934925292391,10079.934925292391
113.08711344922074,1971.2056883944913,-1858.1185749452707,1858.1185749452707
6745.43882342099,8155.309918616354,-1409.8710951953635,1409.8710951953635
4456.699956424205,4548.297727710002,-91.59777128579663,91.59777128579663
2977.974651702881,3302.032568419265,-324.0579167163837,324.0579167163837
5027.4793103319425,3139.8269862440266,1887.652324087916,1887.652324087916
4913.188506754738,5125.079481746522,-211.89097499178388,211.89097499178388
0.0,8132.215112723115,-8132.215112723115,8132.215112723115
3841.97516233066,1893.8257177277756,1948.1494446028846,1948.1494446028846
16361.428635993512,7187.9603822308845,9173.468253762629,9173.468253762629
5503.716894957802,1618.5189363760323,3885.1979585817694,3885.1979585817694
6828.271005672373,10861.411975944511,-4033.1409702721385,4033.1409702721385
3009.7054164739448,3516.536554802139,-506.83113832819436,506.83113832819436
6289.989800239388,4829.263004987179,1460.7267952522097,1460.7267952522097
4491.360787202635,7922.778666343945,-3431.4178791413096,3431.4178791413096
5576.026253216395,5027.474117625156,548.5521355912388,548.5521355912388
14274.56726952814,5320.573135982414,8953.994133545726,8953.994133545726
17834.19661362251,10860.526565324844,6973.670048297665,6973.670048297665
13157.74846563091,8434.265622571818,4723.4828430590915,4723.4828430590915
8643.449617033948,3987.3842546425117,4656.065362391437,4656.065362391437
1486.4416042889816,2073.4030996185365,-586.961495329555,586.961495329555
2761.8080542301373,5193.113838121363,-2431.305783891226,2431.305783891226
1112.925337916161,6013.677839413854,-4900.752501497693,4900.752501497693
13727.281355802887,12851.974913049506,875.3064427533809,875.3064427533809
3305.35647251418,7677.102853380449,-4371.746380866269,4371.746380866269
22727.579941445452,8727.835847463628,13999.744093981824,13999.744093981824
2938.587252260194,3453.4544131288912,-514.8671608686973,514.8671608686973
1723.0905958890403,3483.3820386035286,-1760.2914427144883,1760.2914427144883
5291.036000894024,5199.523377232304,91.51262366172068,91.51262366172068
26701.39797072459,26317.21876829958,384.17920242500986,384.17920242500986
13185.549794773586,5174.0859302552235,8011.463864518362,8011.463864518362
5366.554438499438,12789.600723503047,-7423.046285003608,7423.046285003608
10760.323929194628,6824.343614618372,3935.980314576256,3935.980314576256
14248.994755351363,13649.763230920222,599.2315244311412,599.2315244311412
2531.465023604514,4467.4301976664265,-1935.9651740619124,1935.9651740619124
18467.429170434225,5672.540532869723,12794.888637564502,12794.888637564502
2732.5568205625455,7740.734040686733,-5008.177220124187,5008.177220124187
4988.229005847067,3854.8987525106345,1133.3302533364326,1133.3302533364326
2212.255560151345,3044.6654732614866,-832.4099131101416,832.4099131101416
0.0,6945.0737473652935,-6945.0737473652935,6945.0737473652935
20032.13620494746,16360.036809636293,3672.0993953111665,3672.0993953111665
17482.094949135477,9810.791137091384,7671.303812044092,7671.303812044092
2041.7314334918246,5994.430293298911,-3952.6988598070866,3952.6988598070866
9000.731512465189,10532.077817711413,-1531.3463052462248,1531.3463052462248
0.0,2234.900296753564,-2234.900296753564,2234.900296753564
1298.3518448015109,6613.406136795696,-5315.0542919941845,5315.0542919941845
7179.800834195221,13754.388974599524,-6574.588140404303,6574.588140404303
2761.0789947588064,16230.563609156656,-13469.48461439785,13469.48461439785
2507.659242000222,4969.538894115995,-2461.8796521157733,2461.8796521157733
3550.0970093657666,6224.426180472349,-2674.3291711065826,2674.3291711065826
6943.186267329185,7201.0429335899125,-257.85666626072725,257.85666626072725
4787.991476350782,5684.447148305701,-896.4556719549191,896.4556719549191
0.0,6557.741773115146,-6557.741773115146,6557.741773115146
4896.456237302847,3257.423100766742,1639.0331365361044,1639.0331365361044
13584.051248039596,5112.992378284566,8471.05886975503,8471.05886975503
2187.1034849003286,5928.021624876337,-3740.9181399760087,3740.9181399760087
618.0028120132336,10367.989597889833,-9749.9867858766,9749.9867858766
5064.766647393723,3906.174198801911,1158.5924485918122,1158.5924485918122
1484.7995152781114,3839.013608645241,-2354.21409336713,2354.21409336713
17784.892464452954,13996.391075351235,3788.501389101719,3788.501389101719
12475.383722625917,14767.499573455782,-2292.115850829865,2292.115850829865
7108.993181053755,3020.1468060479087,4088.846375005846,4088.846375005846
6771.278372284251,6673.919157483914,97.35921480033721,97.35921480033721
0.0,4728.049602358319,-4728.049602358319,4728.049602358319
48501.142526232594,20254.805343903223,28246.33718232937,28246.33718232937
0.0,13529.909573420602,-13529.909573420602,13529.909573420602
3048.26843409256,3481.328267700055,-433.0598336074954,433.0598336074954
7754.578778422436,4538.409988347645,3216.168790074791,3216.168790074791
9562.35936159423,2955.8741704597996,6606.48519113443,6606.48519113443
21036.483687822616,6841.361932104858,14195.121755717759,14195.121755717759
26907.322448432133,11140.64164118185,15766.680807250283,15766.680807250283
0.0,3708.6894344189523,-3708.6894344189523,3708.6894344189523
1311.635433157121,3857.152102514167,-2545.516669357046,2545.516669357046
4323.450229840746,5093.306351614061,-769.856121773315,769.856121773315
3760.0243606531876,10838.281514764562,-7078.257154111374,7078.257154111374
2039.1816451586762,3763.796680414411,-1724.615035255735,1724.615035255735
23015.62445007996,21118.528226143055,1897.0962239369037,1897.0962239369037
852.5354068980039,3956.267653057622,-3103.7322461596177,3103.7322461596177
3457.484330223301,4651.103464086558,-1193.619133863257,1193.619133863257
8350.681397274995,3840.295106457979,4510.386290817016,4510.386290817016
32295.985078570953,20619.060405032465,11676.924673538488,11676.924673538488
2199.022731349076,6133.802624463938,-3934.779893114862,3934.779893114862
2343.850454701941,3315.1988257635912,-971.3483710616501,971.3483710616501
1205.4272354721872,2595.5449851075127,-1390.1177496353255,1390.1177496353255
0.0,4680.629526250437,-4680.629526250437,4680.629526250437
2987.8619202326945,4463.1328432183445,-1475.27092298565,1475.27092298565
10510.211129196894,10098.66390401432,411.54722518257404,411.54722518257404
5475.499489004976,2738.4491487129317,2737.050340292044,2737.050340292044
9445.570797945435,3674.310971953897,5771.259825991538,5771.259825991538
839.952231283756,3214.454294369439,-2374.5020630856834,2374.5020630856834
3540.401877135258,16914.514705911228,-13374.11282877597,13374.11282877597
5916.838117978107,4876.877963366601,1039.9601546115064,1039.9601546115064
1510.2521555453118,4863.674428736092,-3353.42227319078,3353.42227319078
9405.55666841418,7762.840508453012,1642.7161599611673,1642.7161599611673
23005.954910136963,30378.976249235347,-7373.0213390983845,7373.0213390983845
4194.779951971283,3478.3245005332865,716.4554514379961,716.4554514379961
1766.2084473291466,1360.6524733849271,405.55597394421943,405.55597394421943
3995.439992532193,15140.697261499241,-11145.257268967049,11145.257268967049
0.0,5857.689962081101,-5857.689962081101,5857.689962081101
1321.7004799190317,3639.631816816627,-2317.9313368975954,2317.9313368975954
5387.426406537665,6431.641676417706,-1044.215269880041,1044.215269880041
3930.019133775661,3277.323671616095,652.695462159566,652.695462159566
7076.635356175637,3875.51120287432,3201.1241533013167,3201.1241533013167
2754.3964160812047,2535.4438442504174,218.9525718307873,218.9525718307873
0.0,7318.621710329194,-7318.621710329194,7318.621710329194
10183.96439710658,6492.101154429248,3691.863242677332,3691.863242677332
0.0,10625.75075860099,-10625.75075860099,10625.75075860099
19815.874773000207,9649.058866144844,10166.815906855363,10166.815906855363
3631.0727358581103,4482.726058799384,-851.6533229412739,851.6533229412739
28528.39366766566,14518.181673502906,14010.211994162753,14010.211994162753
4370.580409358043,3384.847409843726,985.7329995143168,985.7329995143168
19407.753873822287,2087.5998693789215,17320.154004443364,17320.154004443364
4808.551311019952,3133.6193690980817,1674.93194192187,1674.93194192187
0.0,3260.5672488585546,-3260.5672488585546,3260.5672488585546
8873.344508126227,6762.351317907977,2110.9931902182498,2110.9931902182498
0.0,4921.944100694373,-4921.944100694373,4921.944100694373
0.0,4615.1637481483895,-4615.1637481483895,4615.1637481483895
6925.789077325044,5714.012099115667,1211.7769782093765,1211.7769782093765
9883.240486826562,24914.03833362641,-15030.797846799847,15030.797846799847
18249.599250553612,11995.019978634347,6254.579271919265,6254.579271919265
2006.0478457074105,6317.106230297577,-4311.0583845901665,4311.0583845901665
9091.0693246223,6328.980535948249,2762.088788674051,2762.088788674051
0.0,7293.9880295834955,-7293.9880295834955,7293.9880295834955
16302.265667608464,17735.996682229557,-1433.731014621093,1433.731014621093
0.0,9277.444777718665,-9277.444777718665,9277.444777718665
5050.390962086646,3171.678198491532,1878.7127635951142,1878.7127635951142
0.0,9382.294147220722,-9382.294147220722,9382.294147220722
26257.508229835963,23087.688317368145,3169.8199124678176,3169.8199124678176
11917.791425831581,12910.29039355457,-992.4989677229878,992.4989677229878
2332.1304748029906,6686.725862134851,-4354.59538733186,4354.59538733186
6113.646833435123,6777.742672843877,-664.0958394087538,664.0958394087538
16421.775987242992,6922.462289466101,9499.313697776892,9499.313697776892
0.0,6713.622402950362,-6713.622402950362,6713.622402950362
0.0,4570.065608955669,-4570.065608955669,4570.065608955669
0.0,4128.386363956684,-4128.386363956684,4128.386363956684
11260.968533426318,3068.0654788341817,8192.903054592136,8192.903054592136
3111.8722574772555,3197.720084621281,-85.84782714402536,85.84782714402536
16138.973220774587,20598.362657902955,-4459.389437128368,4459.389437128368
9924.249377328291,16930.111680430087,-7005.862303101796,7005.862303101796
0.0,2817.9926293910103,-2817.9926293910103,2817.9926293910103
2593.9560574851043,10401.886734347361,-7807.930676862257,7807.930676862257
4287.4986631885595,4282.211332300905,5.287330887654207,5.287330887654207
6522.818410676781,3787.725866899661,2735.09254377712,2735.09254377712
0.0,8096.617820271236,-8096.617820271236,8096.617820271236
15841.382023770891,10337.196897895854,5504.185125875038,5504.185125875038
14932.423755016123,7557.857289334979,7374.566465681144,7374.566465681144
20739.878431200625,13694.33455748596,7045.543873714665,7045.543873714665
18765.73437547507,30588.713888649563,-11822.979513174494,11822.979513174494
0.0,4401.462397410957,-4401.462397410957,4401.462397410957
2059.8030511692104,6299.747405987557,-4239.944354818346,4239.944354818346
1474.3029340245353,2658.9266179739534,-1184.6236839494181,1184.6236839494181
4168.897125776337,6618.832268770488,-2449.9351429941507,2449.9351429941507
21571.249500123828,9078.120773563322,12493.128726560506,12493.128726560506
12176.682015618737,7512.339293522589,4664.342722096148,4664.342722096148
7508.73825722344,10646.215893255443,-3137.477636032003,3137.477636032003
23881.550356040025,28785.610138875712,-4904.059782835688,4904.059782835688
0.0,4149.265246035291,-4149.265246035291,4149.265246035291
1051.2122262040346,2592.3332498357477,-1541.1210236317131,1541.1210236317131
4414.941413234717,5345.834619854761,-930.8932066200432,930.8932066200432
0.0,5373.374279327592,-5373.374279327592,5373.374279327592
2167.115891244087,5504.760314672963,-3337.6444234288765,3337.6444234288765
5648.962462303267,4208.551526832101,1440.4109354711654,1440.4109354711654
4027.2735014167333,5925.89216734232,-1898.6186659255868,1898.6186659255868
14150.819301794005,12827.188346585319,1323.630955208686,1323.630955208686
0.0,6416.164300242977,-6416.164300242977,6416.164300242977
0.0,2782.2686620659492,-2782.2686620659492,2782.2686620659492
9392.157915233105,10108.099879536525,-715.9419643034198,715.9419643034198
3828.817044652274,9551.289037665423,-5722.471993013149,5722.471993013149
26959.15643257358,12153.33105377564,14805.825378797941,14805.825378797941
0.0,9478.34318802831,-9478.34318802831,9478.34318802831
3698.5200993890103,7338.383132074604,-3639.8630326855937,3639.8630326855937
6548.579489613437,15542.669830444866,-8994.09034083143,8994.09034083143
14939.940901033517,7859.03090495171,7080.909996081807,7080.909996081807
0.0,2843.2714109477315,-2843.2714109477315,2843.2714109477315
669.6616283088565,6190.216256007147,-5520.554627698291,5520.554627698291
10698.78618765513,5967.71520020917,4731.070987445961,4731.070987445961
2768.59708322691,4764.936820284826,-1996.3397370579164,1996.3397370579164
5286.814192435393,8757.560881511856,-3470.7466890764626,3470.7466890764626
6650.531109712986,4015.3434742977106,2635.1876354152755,2635.1876354152755
0.0,4362.946612531096,-4362.946612531096,4362.946612531096
23391.004216226225,13656.227083116424,9734.777133109801,9734.777133109801
770.054565036397,3256.926848453386,-2486.872283416989,2486.872283416989
31213.589871116892,13955.09058205549,17258.4992890614,17258.4992890614
14759.931810035589,13788.585002376542,971.346807659047,971.346807659047
9282.043196097113,7576.771908409378,1705.271287687735,1705.271287687735
4053.7537847783797,1952.6056029906817,2101.148181787698,2101.148181787698
7469.024961431784,4963.052674620813,2505.97228681097,2505.97228681097
0.0,1748.4513682132376,-1748.4513682132376,1748.4513682132376
9322.237650021416,8565.627032155511,756.6106178659047,756.6106178659047
2021.8321950134314,2851.2361130867143,-829.403918073283,829.403918073283
14103.706150087772,6339.079024338881,7764.627125748891,7764.627125748891
7238.66265837324,4339.292712067619,2899.369946305622,2899.369946305622
0.0,5965.061682161403,-5965.061682161403,5965.061682161403
4552.977827531373,5404.553513530479,-851.5756859991061,851.5756859991061
2108.9455193881377,2788.53802000522,-679.5925006170824,679.5925006170824
0.0,3790.3863882787,-3790.3863882787,3790.3863882787
7845.9461073169705,9472.32626555142,-1626.3801582344504,1626.3801582344504
17190.61137843708,6527.146370217662,10663.465008219417,10663.465008219417
1812.1931115919647,6436.813914172193,-4624.620802580228,4624.620802580228
2051.7545414312285,3837.6784300890736,-1785.923888657845,1785.923888657845
40.061419115931045,3859.783190902315,-3819.7217717863837,3819.7217717863837
12548.63720997574,5898.846509838553,6649.790700137186,6649.790700137186
3498.0390323169163,4195.096793898278,-697.0577615813613,697.0577615813613
6003.995510769025,25574.393102888313,-19570.397592119287,19570.397592119287
2912.162357957844,4596.890458773212,-1684.7281008153682,1684.7281008153682
89.30170451930658,5113.769054653153,-5024.467350133847,5024.467350133847
7986.482380433879,6171.325764080712,1815.156616353167,1815.156616353167
245.83607465797976,2054.5962877703305,-1808.7602131123508,1808.7602131123508
0.0,2827.0525177935137,-2827.0525177935137,2827.0525177935137
0.0,3287.605507171661,-3287.605507171661,3287.605507171661
9872.350853811207,7346.701424510236,2525.649429300971,2525.649429300971
14668.507845550315,16752.015809707238,-2083.5079641569228,2083.5079641569228
9176.697595149806,4375.710053303977,4800.98754184583,4800.98754184583
0.0,7972.325632472215,-7972.325632472215,7972.325632472215
1264.4969275418161,8704.253898715437,-7439.7569711736205,7439.7569711736205
0.0,2302.5582449220333,-2302.5582449220333,2302.5582449220333
5652.940916079552,5767.412315482384,-114.4713994028316,114.4713994028316
8158.008768007158,5323.703572883146,2834.3051951240122,2834.3051951240122
7195.755840546829,3765.9417460339564,3429.8140945128725,3429.8140945128725
355.2720038336758,3216.678667418433,-2861.4066635847576,2861.4066635847576
0.0,8152.9425178310985,-8152.9425178310985,8152.9425178310985
0.0,3996.282321914977,-3996.282321914977,3996.282321914977
10682.895119576504,5732.898980986999,4949.996138589505,4949.996138589505
3800.0068706633965,3575.0822435018017,224.9246271615948,224.9246271615948
3876.0263146785064,7214.421452670757,-3338.395137992251,3338.395137992251
1915.6809107755364,10631.172930098064,-8715.492019322528,8715.492019322528
14870.042309756856,10778.337818281256,4091.7044914756007,4091.7044914756007
6349.010281790219,7559.310509126657,-1210.3002273364382,1210.3002273364382
779.6311484704996,3082.5559488213453,-2302.9248003508455,2302.9248003508455
1463.4081998226113,2740.6035095530046,-1277.1953097303933,1277.1953097303933
6304.992989689314,11884.133098253194,-5579.140108563881,5579.140108563881
0.0,4054.785067101366,-4054.785067101366,4054.785067101366
0.0,5337.271872638341,-5337.271872638341,5337.271872638341
13869.77767163148,9348.895847969143,4520.881823662337,4520.881823662337
8046.241671321608,3901.581234419941,4144.660436901667,4144.660436901667
5239.6366449166335,3570.8484147457702,1668.7882301708632,1668.7882301708632
0.0,3030.959048036502,-3030.959048036502,3030.959048036502
22016.937611916404,4637.848597360146,17379.08901455626,17379.08901455626
11256.073178043756,11812.187850123732,-556.1146720799752,556.1146720799752
648.3477521575179,5311.174671290614,-4662.826919133096,4662.826919133096
1569.5578897774687,1127.444877637789,442.11301213967977,442.11301213967977
28410.949057675556,7072.759726403978,21338.189331271577,21338.189331271577
1229.4790713748605,1325.0449821856212,-95.56591081076067,95.56591081076067
0.0,6380.009795124209,-6380.009795124209,6380.009795124209
631.0416677019548,5023.845181353401,-4392.803513651446,4392.803513651446
1093.988103651361,2400.1762431726083,-1306.1881395212474,1306.1881395212474
5730.885624045719,5478.880984369117,252.00463967660198,252.00463967660198
7064.507125082386,4646.943202811043,2417.5639222713426,2417.5639222713426
4573.948996187131,1781.878911753816,2792.070084433315,2792.070084433315
1310.2628258104637,1479.2732185062275,-169.0103926957638,169.0103926957638
4190.824895545528,3161.8152166275877,1029.0096789179406,1029.0096789179406
122.89351103137531,5353.494127754548,-5230.600616723173,5230.600616723173
6259.760598258966,3923.982858699684,2335.7777395592816,2335.7777395592816
2281.23842378623,3286.096981614458,-1004.8585578282277,1004.8585578282277
7148.702815391427,3396.9403771241327,3751.7624382672943,3751.7624382672943
790.626082861548,5826.085244154201,-5035.459161292653,5035.459161292653
7299.509799105908,3687.6648028486643,3611.844996257244,3611.844996257244
13959.980204578022,6543.974250900059,7416.005953677963,7416.005953677963
2391.9208274511566,9182.044746562276,-6790.12391911112,6790.12391911112
10766.311128203113,5048.255552353206,5718.055575849907,5718.055575849907
33609.6104451401,15052.173118108994,18557.437327031104,18557.437327031104
0.0,2785.80603093935,-2785.80603093935,2785.80603093935
1977.542122471211,7827.598697163475,-5850.056574692264,5850.056574692264
1384.56883740915,12001.170267647985,-10616.601430238836,10616.601430238836
0.0,4014.2962178054368,-4014.2962178054368,4014.2962178054368
36174.28408943147,31189.91376194387,4984.3703274876025,4984.3703274876025
5369.653654850086,1707.7988604952307,3661.8547943548556,3661.8547943548556
7688.740595164382,5631.4854807072,2057.2551144571826,2057.2551144571826
6148.912713933024,2810.794862667572,3338.117851265452,3338.117851265452
3041.5795548542906,1142.6768958121656,1898.902659042125,1898.902659042125
3754.6910230521216,13190.587732554151,-9435.89670950203,9435.89670950203
5671.88975701402,16610.384010850616,-10938.494253836596,10938.494253836596
45594.736812134,21814.997913250667,23779.73889888333,23779.73889888333
3652.173880186325,5373.651067338225,-1721.4771871519006,1721.4771871519006
9582.05219402186,4326.021276756055,5256.030917265805,5256.030917265805
675.5879963196165,2581.7097947213647,-1906.121798401748,1906.121798401748
993.5246841545809,1204.8857265046256,-211.36104235004473,211.36104235004473
605.5436529594672,6843.410046368432,-6237.8663934089645,6237.8663934089645
1618.4990278384073,761.6497790155747,856.8492488228326,856.8492488228326
2561.429763319951,2038.841154865125,522.5886084548258,522.5886084548258
22756.015480029804,22052.187160522364,703.82831950744,703.82831950744
7348.8642630413215,7289.11046653039,59.75379651093135,59.75379651093135
2298.21588210921,4313.315295671565,-2015.099413562355,2015.099413562355
11020.861848026367,4640.57103233045,6380.2908156959165,6380.2908156959165
0.0,7539.819026072804,-7539.819026072804,7539.819026072804
0.0,1518.2182536307182,-1518.2182536307182,1518.2182536307182
1513.277726640116,5622.873297952041,-4109.595571311925,4109.595571311925
2391.7419555471806,4130.679859377986,-1738.9379038308052,1738.9379038308052
1937.75199348838,3550.00582941377,-1612.2538359253897,1612.2538359253897
21028.52906974639,9776.501998307433,11252.027071438957,11252.027071438957
2541.635224208751,3113.441775896975,-571.8065516882239,571.8065516882239
5733.342684780426,5184.8032465623055,548.5394382181203,548.5394382181203
46778.915176027665,21104.681236338136,25674.23393968953,25674.23393968953
4909.810967732859,2810.1226022712517,2099.6883654616076,2099.6883654616076
737.6079885807054,2314.156873837031,-1576.5488852563258,1576.5488852563258
1728.415711954686,8487.081170682408,-6758.665458727722,6758.665458727722
2666.7955659931795,2125.4901218325426,541.3054441606369,541.3054441606369
3938.512225950235,3965.874317175521,-27.362091225285894,27.362091225285894
8528.304797068351,5340.387803643546,3187.916993424805,3187.916993424805
2725.833128605675,4630.691205769061,-1904.8580771633856,1904.8580771633856
5937.23185079376,1425.755069047358,4511.476781746402,4511.476781746402
2343.8460063864954,5873.036242666244,-3529.1902362797487,3529.1902362797487
2743.615049864055,8291.433699297284,-5547.818649433229,5547.818649433229
34463.08796456552,28580.274508068214,5882.813456497308,5882.813456497308
1347.54666586126,5195.685158468664,-3848.138492607404,3848.138492607404
8033.726329374591,14730.30838692512,-6696.5820575505295,6696.5820575505295
4900.341742232408,3507.3852831767003,1392.956459055708,1392.956459055708
14372.64876006078,11328.576933734637,3044.0718263261424,3044.0718263261424
10978.590302179204,5037.654745966557,5940.935556212647,5940.935556212647
1092.5845447837771,3541.642353217708,-2449.0578084339313,2449.0578084339313
1437.855238800331,1239.288313490237,198.56692531009412,198.56692531009412
4288.153827621879,10839.825341469812,-6551.671513847933,6551.671513847933
10789.888552713866,8143.392581412626,2646.4959713012404,2646.4959713012404
6226.287236004838,4996.91549112268,1229.371744882158,1229.371744882158
1422.1556130542904,5562.965458258423,-4140.809845204132,4140.809845204132
23751.04431676551,14875.538965539234,8875.505351226277,8875.505351226277
46754.71980410225,14211.52938655375,32543.1904175485,32543.1904175485
10683.110616130356,6201.8531586359,4481.257457494456,4481.257457494456
1325.7604054323324,3133.0545835279427,-1807.2941780956103,1807.2941780956103
23135.401157833367,7740.6667999474175,15394.734357885949,15394.734357885949
1581.619517819933,4625.186712319893,-3043.5671944999594,3043.5671944999594
2923.5442960425435,8253.87923839994,-5330.334942357397,5330.334942357397
14702.46426821338,4313.837750028227,10388.626518185152,10388.626518185152
1255.5341549275765,7286.212837453771,-6030.678682526194,6030.678682526194
8073.0061728640685,19171.16475886474,-11098.15858600067,11098.15858600067
12384.795577944555,3781.4554936014497,8603.340084343105,8603.340084343105
1083.1529355339944,5752.101290956427,-4668.9483554224325,4668.9483554224325
38038.2175776419,41786.03934018146,-3747.8217625395555,3747.8217625395555
0.0,3616.465142036215,-3616.465142036215,3616.465142036215
17795.543721862326,7176.09502421211,10619.448697650216,10619.448697650216
0.0,12771.04159366194,-12771.04159366194,12771.04159366194
12865.861035576227,6984.549712970004,5881.311322606222,5881.311322606222
5548.542083464081,2529.0764624889503,3019.4656209751306,3019.4656209751306
7084.240294550244,3524.3063008418685,3559.933993708375,3559.933993708375
1600.9596552301705,4170.2511192837555,-2569.291464053585,2569.291464053585
14997.146488934859,10085.293161764652,4911.853327170207,4911.853327170207
7652.125177781041,10966.835219054592,-3314.710041273551,3314.710041273551
29048.473553371445,10100.652885289684,18947.82066808176,18947.82066808176
1783.6584686613385,6361.272555893283,-4577.614087231945,4577.614087231945
0.0,5373.852347053479,-5373.852347053479,5373.852347053479
0.0,29078.94418889404,-29078.94418889404,29078.94418889404
17181.626071973093,7011.89206598798,10169.734005985112,10169.734005985112
19981.67195809952,7483.666454804741,12498.005503294778,12498.005503294778
2000.0094491678562,9913.979389584556,-7913.9699404166995,7913.9699404166995
7838.590852225397,5063.889787794326,2774.7010644310703,2774.7010644310703
1846.570985493633,4216.362724674223,-2369.7917391805895,2369.7917391805895
1493.4841255341994,3558.703569516799,-2065.2194439825994,2065.2194439825994
12355.557756226317,7511.129234623447,4844.42852160287,4844.42852160287
7448.072435537901,3715.972633418242,3732.0998021196588,3732.0998021196588
31112.704764305963,13052.23379436293,18060.47096994303,18060.47096994303
18515.285974748916,40284.27871526822,-21768.992740519305,21768.992740519305
8719.069605994177,4916.254435967788,3802.815170026389,3802.815170026389
1167.2524574738777,4165.735588813063,-2998.4831313391855,2998.4831313391855
12525.574749684383,13822.352981105105,-1296.7782314207216,1296.7782314207216
12247.802928442326,14064.732811724596,-1816.9298832822697,1816.9298832822697
3654.589710982197,3791.7792442226055,-137.1895332404083,137.1895332404083
5265.867095879759,2559.595268270023,2706.271827609736,2706.271827609736
18244.306124494084,9887.448838464437,8356.857286029646,8356.857286029646
6715.682349493534,5266.541089044759,1449.141260448775,1449.141260448775
17437.008363483852,14393.86418340922,3043.1441800746325,3043.1441800746325
22155.130413741226,14055.113319198812,8100.017094542414,8100.017094542414
2398.929008229829,2976.350703935319,-577.42169570549,577.42169570549
5515.616618337615,4107.555852009643,1408.0607663279725,1408.0607663279725
6023.426501088136,5848.880377185184,174.54612390295188,174.54612390295188
0.0,4048.909255987109,-4048.909255987109,4048.909255987109
6976.156412213841,5251.798901592464,1724.3575106213766,1724.3575106213766
4215.9221094887225,15815.130895714938,-11599.208786226216,11599.208786226216
0.0,4926.7187357538505,-4926.7187357538505,4926.7187357538505
6908.213629825227,2784.6787728662844,4123.534856958942,4123.534856958942
1517.0688151726445,4396.89417598058,-2879.825360807936,2879.825360807936
9399.40697992965,8027.950015460805,1371.4569644688454,1371.4569644688454
3766.5141374137415,6253.926174532834,-2487.4120371190925,2487.4120371190925
0.0,3677.202497781931,-3677.202497781931,3677.202497781931
31865.645990345405,14139.349091349977,17726.296898995428,17726.296898995428
11035.100932872407,16207.530842390535,-5172.429909518129,5172.429909518129
15862.572724264084,13385.06691931955,2477.5058049445342,2477.5058049445342
3460.9970788467585,3372.4115416392538,88.58553720750479,88.58553720750479
14505.778530122681,7919.179968395452,6586.598561727229,6586.598561727229
17979.094605121605,15832.7419348386,2146.352670283006,2146.352670283006
14607.967601616445,8834.229767288001,5773.737834328444,5773.737834328444
10592.601639311433,4496.316184361432,6096.285454950002,6096.285454950002
0.0,5259.459775327391,-5259.459775327391,5259.459775327391
0.0,2542.971725187353,-2542.971725187353,2542.971725187353
8127.8561098493765,5802.980101513443,2324.876008335934,2324.876008335934
186.81692525697773,2746.1375811201065,-2559.3206558631286,2559.3206558631286
8742.697619212086,3715.4551201119275,5027.242499100158,5027.242499100158
0.0,4291.968902516139,-4291.968902516139,4291.968902516139
5521.038163091382,2894.6366431272027,2626.401519964179,2626.401519964179
39937.315735373486,15851.974341251524,24085.341394121962,24085.341394121962
7131.713637317829,7693.370038520824,-561.6564012029949,561.6564012029949
13375.771751204662,7070.740088466491,6305.031662738171,6305.031662738171
95.62301020259702,2251.245253567016,-2155.622243364419,2155.622243364419
1422.443898798348,5183.729448841862,-3761.285550043514,3761.285550043514
4472.766570973062,6358.09298670846,-1885.3264157353979,1885.3264157353979
7677.018509423376,4722.133691636049,2954.884817787327,2954.884817787327
11119.501121575062,5774.887830003042,5344.61329157202,5344.61329157202
11992.296722530082,5735.231081128586,6257.065641401496,6257.065641401496
6592.588506433556,6494.151258521824,98.4372479117319,98.4372479117319
4368.608963198059,3095.2812631421916,1273.3277000558678,1273.3277000558678
21788.325344852252,32049.40564109776,-10261.080296245509,10261.080296245509
3805.0629589405535,2932.9645681531647,872.0983907873888,872.0983907873888
23514.163901949385,8136.238120695067,15377.925781254318,15377.925781254318
16564.960901806542,6535.678626143239,10029.282275663303,10029.282275663303
15311.45033415269,17583.74683741117,-2272.29650325848,2272.29650325848
0.0,5724.024568407135,-5724.024568407135,5724.024568407135
22623.393047979378,6463.64292890846,16159.750119070919,16159.750119070919
0.0,2381.7987478797118,-2381.7987478797118,2381.7987478797118
10804.963705248854,16811.693079324505,-6006.72937407565,6006.72937407565
3385.131312220975,2658.0983352360336,727.0329769849413,727.0329769849413
0.0,7748.931262602255,-7748.931262602255,7748.931262602255
4917.922580020138,2878.4112492696954,2039.511330750443,2039.511330750443
0.0,6161.085312910911,-6161.085312910911,6161.085312910911
14173.350029435576,17340.54816049697,-3167.198131061392,3167.198131061392
5792.720976301899,5342.277314340568,450.4436619613307,450.4436619613307
8136.720857178866,29293.141829662552,-21156.420972483687,21156.420972483687
0.0,2400.9575313213572,-2400.9575313213572,2400.9575313213572
6376.32190449927,9554.84725106054,-3178.5253465612705,3178.5253465612705
10254.127418935717,7551.24750133774,2702.8799175979775,2702.8799175979775
15403.60134013023,14846.431552868582,557.1697872616478,557.1697872616478
0.0,5272.202788506977,-5272.202788506977,5272.202788506977
29298.23441365396,24290.4575177021,5007.776895951862,5007.776895951862
11576.284821539042,13950.660150258453,-2374.3753287194104,2374.3753287194104
12607.87338793706,10721.242426767507,1886.6309611695524,1886.6309611695524
